Profile,Height,Width,Web
T 20x20x3,20,20,3
T 20x20x4,20,20,4
T 25x25x3,25,25,3
T 25x25x3.5,25,25,3.5
T 25x25x4,25,25,4
T 30x30x3,30,30,3
T 30x30x4,30,30,4
T 30x30x5,30,30,5
T 35x35x3,35,35,3
T 35x35x4,35,35,4
T 35x35x5,35,35,5
T 40x40x3,40,40,3
T 40x40x4,40,40,4
T 40x40x5,40,40,5
T 40x40x6,40,40,6
T 45x45x3,45,45,3
T 45x45x4,45,45,4
T 45x45x5,45,45,5
T 45x45x6,45,45,6
T 50x50x3,50,50,3
T 50x50x4,50,50,4
T 50x50x5,50,50,5
T 50x50x6,50,50,6
T 50x50x7,50,50,7
T 50x50x8,50,50,8
T 60x60x5,60,60,5
T 60x60x6,60,60,6
T 60x60x7,60,60,7
T 60x60x8,60,60,8
T 60x60x10,60,60,10
T 65x65x5,65,65,5
T 65x65x6,65,65,6
T 65x65x7,65,65,7
T 65x65x8,65,65,8
T 65x65x9,65,65,9
T 65x65x10,65,65,10
T 70x70x5,70,70,5
T 70x70x6,70,70,6
T 70x70x7,70,70,7
T 70x70x8,70,70,8
T 70x70x9,70,70,9
T 70x70x10,70,70,10
T 75x75x5,75,75,5
T 75x75x6,75,75,6
T 75x75x7,75,75,7
T 75x75x8,75,75,8
T 75x75x9,75,75,9
T 75x75x10,75,75,10
T 80x80x5,80,80,5
T 80x80x6,80,80,6
T 80x80x7,80,80,7
T 80x80x8,80,80,8
T 80x80x9,80,80,9
T 80x80x10,80,80,10
T 90x90x6,90,90,6
T 90x90x7,90,90,7
T 90x90x8,90,90,8
T 90x90x9,90,90,9
T 90x90x10,90,90,10
T 100x100x6,100,100,6
T 100x100x7,100,100,7
T 100x100x8,100,100,8
T 100x100x9,100,100,9
T 100x100x10,100,100,10
T 100x100x12,100,100,12
T 110x110x6,110,110,6
T 110x110x7,110,110,7
T 110x110x8,110,110,8
T 110x110x9,110,110,9
T 110x110x10,110,110,10
T 110x110x11,110,110,11
T 110x110x12,110,110,12
T 120x120x7,120,120,7
T 120x120x8,120,120,8
T 120x120x9,120,120,9
T 120x120x10,120,120,10
T 120x120x11,120,120,11
T 120x120x12,120,120,12
T 120x120x13,120,120,13
T 120x120x15,120,120,15
T 130x130x8,130,130,8
T 130x130x9,130,130,9
T 130x130x10,130,130,10
T 130x130x11,130,130,11
T 130x130x12,130,130,12
T 130x130x13,130,130,13
T 130x130x15,130,130,15
T 140x140x8,140,140,8
T 140x140x9,140,140,9
T 140x140x10,140,140,10
T 140x140x11,140,140,11
T 140x140x12,140,140,12
T 140x140x13,140,140,13
T 140x140x15,140,140,15
T 150x150x8,150,150,8
T 150x150x9,150,150,9
T 150x150x10,150,150,10
T 150x150x12,150,150,12
T 150x150x13,150,150,13
T 150x150x15,150,150,15
T 150x150x20,150,150,20
T 160x160x10,160,160,10
T 160x160x12,160,160,12
T 160x160x13,160,160,13
T 160x160x15,160,160,15
T 160x160x20,160,160,20
T 180x180x10,180,180,10
T 180x180x12,180,180,12
T 180x180x13,180,180,13
T 180x180x15,180,180,15
T 180x180x20,180,180,20
T 200x200x10,200,200,10
T 200x200x12,200,200,12
T 200x200x13,200,200,13
T 200x200x15,200,200,15
T 200x200x20,200,200,20
T 250x250x10,250,250,10
T 250x250x12,250,250,12
T 250x250x13,250,250,13
T 250x250x15,250,250,15
T 250x250x20,250,250,20
T 300x300x10,300,300,10
L 300x300x12,300,300,12
L 300x300x13,300,300,13
L 300x300x15,300,300,15
L 300x300x20,300,300,20